{"sidebar-1":{"search-2":{"title":""},"recent-posts-2":{"title":"","number":5},"recent-comments-2":{"title":"","number":5},"archives-2":{"title":"","count":0,"dropdown":0},"categories-2":{"title":"","count":0,"hierarchical":0,"dropdown":0},"meta-2":{"title":""}},"top-bar-left":{"text-1":{"title":"","text":"<div class=\"divider\" style=\"font-size:13px;\"><i class=\"fa fa-clock-o\"><\/i>Mon - Fri : 09:00 - 17:00<\/div><div class=\"divider\" style=\"font-size:13px;\"><i class=\"fa fa-phone\"><\/i>+ 099999999<\/div>","filter":false}},"top-bar-right":{"text-2":{"title":"","text":"<a class=\"divider\" href=\"http:\/\/lovebum.website\/wp\/wp_axiosy\/wishlist\/\">MY WISHLIST<\/a> <a href=\"http:\/\/lovebum.website\/wp\/wp_axiosy\/our-services\/\" class=\"divider\">SERVICE<\/a><a href=\"http:\/\/lovebum.website\/wp\/wp_axiosy\/contact-us\/\" class=\"divider\">CONTACT<\/a><a href=\"#\" class=\"divider\">DAILY DEAL<\/a><a href=\"http:\/\/lovebum.website\/wp\/wp_axiosy\/my-account\/\" class=\"divider\">LOGIN\/REGISTER<\/a>","filter":false}},"mobile-search":{"woocommerce_product_search-1":{"title":""}},"header-search":{"yith_woocommerce_ajax_search-1":{"title":""}},"content-sidebar-header":{"text-3":{"title":"","text":"<p><img style=\"padding-bottom: 30px;;\" src=\"http:\/\/localhost:7891\/wp\/wp_intimex\/wp-content\/uploads\/2017\/02\/Intimex-1-1.png\" alt=\"\"><\/p>\r\n\r\n<ul id=\"menu-sidebar-right\" class=\"menu\">\r\n<li><a href=\"http:\/\/localhost:7891\/wp\/wp-lbum\/\">HOME<\/a><\/li>\r\n<li><a href=\"http:\/\/localhost:7891\/wp\/wp-lbum\/shop\/\">SHOP<\/a><\/li>\r\n<li><a href=\"http:\/\/localhost:7891\/wp\/wp-lbum\/blog\/\">BLOGS<\/a><\/li>\r\n<li><a href=\"http:\/\/localhost:7891\/wp\/wp-lbum\/about-us\/\">ABOUT US<\/a><\/li>\r\n<li><a href=\"http:\/\/localhost:7891\/wp\/wp-lbum\/contact-us\/\">CONTACT US<\/a><\/li>\r\n<li><a href=\"http:\/\/localhost:7891\/wp\/wp-lbum\/my-account\/\">LOGIN\/REGISTER<\/a><\/li>\r\n\r\n<\/ul>\r\n\r\n\r\n<h4 style=\"margin-top: 30px;text-align: left;font-size: 13px;\">NEWSLETTER<\/h4>\r\n[mc4wp_form id=\"66735\"]\r\n<div>\r\n[social_follow style=\"circle\" twitter=\"#\" facebook=\"#\" googleplus=\"#\"]\r\n<\/div>","filter":false}},"shop-sidebar":{"woocommerce_price_filter-1":{"title":"Filter by price"},"woocommerce_product_categories-1":{"title":"Product Categories","orderby":"name","dropdown":0,"count":0,"hierarchical":"1","show_children_only":0},"woocommerce_widget_cart-1":{"title":"Cart","hide_if_empty":0},"woocommerce_products-1":{"title":"Recent Products","number":"5","show":"","orderby":"date","order":"desc","hide_free":0,"show_hidden":0}},"content-right-product-detail-style-1":{"text-11":{"title":"","text":"[icon_list styles=\"iconlistround\" icon=\"truck\" custom_icon_size=\"16px\" icons_color=\"#ffffff\" icons_bg_color=\"#cc66a4\" txt_color=\"#797979\" animation=\"none\" animation_delay=\"200\" text=\"Free shipping on all orders\" extra_class=\"\"]\r\n[icon_list styles=\"iconlistround\" icon=\"dollar\" custom_icon_size=\"16px\" icons_color=\"#ffffff\" icons_bg_color=\"#cc66a4\" txt_color=\"#797979\" animation=\"none\" animation_delay=\"200\" text=\"Money back\" extra_class=\"\"]\r\n[icon_list styles=\"iconlistround\" icon=\"life-ring\" custom_icon_size=\"16px\" icons_color=\"#ffffff\" icons_bg_color=\"#cc66a4\" txt_color=\"#797979\" animation=\"none\" animation_delay=\"200\" text=\"Online Support 24\/12\" extra_class=\"\"]\r\n[icon_list styles=\"iconlistround\" icon=\"mobile\" custom_icon_size=\"16px\" icons_color=\"#ffffff\" icons_bg_color=\"#cc66a4\" txt_color=\"#797979\" animation=\"none\" animation_delay=\"200\" text=\"Hotline: 19008198\" extra_class=\"\"]","filter":false},"woocommerce_recent_reviews-2":{"title":"Recent reviews","number":5}},"first-footer":{"text-5":{"title":"","text":"<div class=\"row  axiosy-footer\">  \r\n\t<div class=\"col-md-6 col-sm-12 axiosy-newletter\" style=\" padding: 50px 0px;;\">\r\n<p style=\"    font-size: 16px;letter-spacing: 2px;color: #202020;text-transform: uppercase;font-weight: 600;\">Get the latest info weekly<\/p>\r\n[mc4wp_form id=\"66735\"]\r\n\t<\/div>\r\n    <div class=\"col-md-6 col-sm-12 axiosy-social\" style=\"    padding: 50px 0px;\">\r\n\t\t<div style=\"text-align: center; \">\r\n<p style=\"text-align: left;font-size: 16px;letter-spacing: 2px;color: #202020;text-transform: uppercase;font-weight: 600;padding-left: 43px\">Social stores online<\/p>\r\n [social_follow style=\"circle no-border\" twitter=\"#\" facebook=\"#\" pinterest=\"#\" email=\"#\" googleplus=\"#\" instagram=\"#\" rss=\"#\" linkedin=\"#\" youtube=\"#\" flickr=\"#\"]<\/div>\r\n\t<\/div>\r\n<\/div>\r\n\r\n","filter":false}},"second-footer":{"text-6":{"title":"NEED HELP","text":"<ul class=\"links-text\">\r\n<li><a href=\"#\">Your Account<\/a><\/li>\r\n<li><a href=\"#\">Infomation By Store<\/a><\/li>\r\n<li><a href=\"#\">Addresses Shop<\/a><\/li>\r\n<li><a href=\"#\">Discount By Weekend<\/a><\/li>\r\n<li><a href=\"#\">Orders History<\/a><\/li>\r\n<li><a href=\"#\">Addtional Infomation<\/a><\/li>\r\n<li><a href=\"#\">Customer Service<\/a><\/li>\r\n<\/ul>","filter":false},"text-7":{"title":"COLLECTION","text":"<ul class=\"links-text\">\r\n<li><a href=\"#\">Your Account<\/a><\/li>\r\n<li><a href=\"#\">Infomation By Store<\/a><\/li>\r\n<li><a href=\"#\">Addresses Shop<\/a><\/li>\r\n<li><a href=\"#\">Discount By Weekend<\/a><\/li>\r\n<li><a href=\"#\">Orders History<\/a><\/li>\r\n<li><a href=\"#\">Addtional Infomation<\/a><\/li>\r\n<li><a href=\"#\">Customer Service<\/a><\/li>\r\n<\/ul>","filter":false},"text-8":{"title":"POPULAR TAGS","text":"<div class=\"tag-fashion\">\r\n\t<a href=\"#\" class=\"tag-link\" title=\"1 topic\">Make-up<\/a>\r\n\t<a href=\"#\" class=\"tag-link\" title=\"1 topic\">Fashion<\/a>\r\n\t<a href=\"#\" class=\"tag-link\" title=\"1 topic\">Bikini<\/a>\r\n\t<a href=\"#\" class=\"tag-link\" title=\"1 topic\">Lip<\/a>\r\n\t<a href=\"#\" class=\"tag-link\" title=\"1 topic\">Makeup<\/a>\r\n\t<a href=\"#\" class=\"tag-link\" title=\"1 topic\">Mountain<\/a>\r\n\t<a href=\"#\" class=\"tag-link\" title=\"1 topic\">Scandinavian<\/a>\r\n\t<a href=\"#\" class=\"tag-link\" title=\"1 topic\">Europe<\/a>\r\n\t<a href=\"#\" class=\"tag-link\" title=\"1 topic\">Botanic<\/a>\r\n\t<a href=\"#\" class=\"tag-link\" title=\"1 topic\">Cart<\/a>\r\n\t<a href=\"#\" class=\"tag-link\" title=\"1 topic\">Beautiful<\/a>\r\n\t<a href=\"#\" class=\"tag-link\" title=\"1 topic\">Boutique<\/a>\r\n\t<a href=\"#\" class=\"tag-link\" title=\"1 topic\">T-Shirt<\/a>\r\n\t<a href=\"#\" class=\"tag-link\" title=\"1 topic\">Make-up<\/a>\r\n<a href=\"#\" class=\"tag-link\" title=\"1 topic\">Fashion<\/a>\r\n\t<a href=\"#\" class=\"tag-link\" title=\"1 topic\">Bikini<\/a>\r\n\t<a href=\"#\" class=\"tag-link\" title=\"1 topic\">Lip<\/a>\r\n<\/div>","filter":false},"text-9":{"title":"FACEBOOK","text":"<iframe src=\"\/\/www.facebook.com\/plugins\/likebox.php?href=https%3A%2F%2Fwww.facebook.com%2Fenvato&amp;width=264&amp;height=260&amp;colorscheme=light&amp;show_faces=true&amp;header=true&amp;stream=false&amp;show_border=true&amp;appId=261528187203562\" style=\"border:none; overflow:hidden; width:100%; height:240px; float:right; background:#fff;\"><\/iframe>\r\n","filter":false}},"footer-style-02":{"text-10":{"title":"","text":"[social_follow style=\"circle\" twitter=\"#\" facebook=\"#\" pinterest=\"#\" email=\"#\" googleplus=\"#\" instagram=\"#\" rss=\"#\"]","filter":false}}}